{"alpha": 0.25, "spread": 0.8673469387755102, "loo_sae": 0.15015494893035722}