{"alpha": 0.14, "spread": 0.9137931034482758, "loo_sae": 0.13490302004657784}