{"use_gbt": false, "spread": 0.7384615384615385, "cost": 1.472702118228121}