{"a16z/helios": -1.0363661071076469, "aestus-relay/mev-boost-relay": -1.7295132876675938, "argotorg/act": -0.351564526868939, "argotorg/fe": -0.9277244162389273, "argotorg/hevm": -0.6676808070667397, "argotorg/solidity": 1.4670432168361502, "argotorg/sourcify": 0.08202582897234922, "blockscout/blockscout": -0.052464458706909745, "chainsafe/lodestar": -0.14876242856933763, "consensys/teku": 0.20468373587764166, "cyfrin/aderyn": 1.4708675784796614, "dappnode/dappnode": -0.26964198377504406, "deepfunding/dependency-graph": -1.826366640530485, "defillama/chainlist": -0.071896619858695, "defillama/defillama-adapters": -0.1421047866808366, "edb-rs/edb": -2.1156322503746794, "erigontech/erigon": -0.93756904324592, "eth-infinitism/account-abstraction": -0.54374687927617, "ethereum-lists/chains": -0.5877529459721118, "ethereum/consensus-specs": 1.804910790156737, "ethereum/eips": 1.4421290390880113, "ethereum/execution-apis": 0.985119623641846, "ethereum/go-ethereum": 1.4564697574750103, "ethereum/py_ecc": 0.46252183325833207, "ethers-io/ethers.js": 0.8268236764092514, "ethpandaops/checkpointz": -0.803229389164705, "ethstaker/eth-docker": 0.37879500634676533, "ethstaker/ethstaker-deposit-cli": -1.5451338212488548, "flashbots/mev-boost": 0.5539196685025214, "flashbots/mev-boost-relay": 0.24508669011631412, "flashbots/rbuilder": 0.3861157755659399, "foundry-rs/foundry": 0.8818481180877731, "hyperledger/besu": 0.5343077204309804, "ipsilon/evmone": -0.4788669322191604, "l2beat/l2beat": 0.4067219014213155, "lambdaclass/ethrex": -1.8150752189035786, "lambdaclass/lambdaworks": -1.5392625160789812, "lfdt-web3j/web3j": -0.18195440455725187, "libp2p/libp2p": 1.0770470115244828, "nethereum/nethereum": -0.2445042258065197, "nethermindeth/nethermind": 1.447199992655771, "nomicfoundation/hardhat": 1.1962091709307296, "offchainlabs/prysm": 0.7055675488884902, "openzeppelin/openzeppelin-contracts": 1.3583843392060944, "paradigmxyz/reth": -0.42369997982725516, "protofire/solhint": -0.9414255153233566, "remix-project-org/remix-project": -0.02886233314546216, "risc0/risc0-ethereum": 0.7906475186757667, "safe-global/safe-smart-account": 0.16859327424299547, "scaffold-eth/scaffold-eth-2": -1.123359693806767, "sigp/lighthouse": 1.4907528456259282, "succinctlabs/op-succinct": -1.0054655567091895, "succinctlabs/rsp": -2.5731595584529168, "succinctlabs/sp1": -0.16519015378585267, "supranational/blst": 0.8768437564695258, "swiss-knife-xyz/swiss-knife": -2.357614509779085, "trueblocks/trueblocks-core": -0.4044690511483249, "vyperlang/vyper": 2.361308400104633, "wevm/viem": 1.9781162229062739}