{"pagerank": {"ethereum/execution-apis": 0.0007725206820830492, "cyfrin/aderyn": 0.007735038204873919, "hyperledger/besu": 0.002993501366415513, "ethereum/eips": 0.0036745203925793984, "scaffold-eth/scaffold-eth-2": 0.0037173454717055947, "wealdtech/ethdo": 0.0017315098633074292, "chainsafe/bls": 0.0010999730634603465, "evmts/tevm-monorepo": 0.002507223804681058, "libp2p/libp2p": 0, "wevm/viem": 0.0016148442175026602, "l2beat/l2beat": 0.026911304559500047, "vyperlang/vyper": 0.0006388849763589986, "commit-boost/commit-boost-client": 0.0015844656772650624, "ethereum/web3.py": 0.0006044388318237456, "smartcontracts/simple-optimism-node": 0, "ethpandaops/ethereum-package": 0, "eth-infinitism/account-abstraction": 0.0035499475986853924, "ethereum/consensus-specs": 0.0013261475170628573, "consensys/gnark-crypto": 0.0002758743950865856, "succinctlabs/op-succinct": 0.015186060726813947, "apeworx/ape": 0.0023820947284327195, "paradigmxyz/reth": 0.001428802488326642, "ethstaker/eth-docker": 0.0006570454837233689, "ethstaker/ethstaker-deposit-cli": 0.002852555242458031, "flashbots/rbuilder": 0.01281852228752468, "espressosystems/jellyfish": 0.00028152808455344933, "taikoxyz/taiko-mono": 0.019905041778161544, "nethermindeth/nethermind": 0.004068794565621647, "aestus-relay/mev-boost-relay": 0.0020167434074883027, "dappnode/dappnode": 0, "argotorg/act": 0, "ethereum/go-ethereum": 0.0025885651682619475, "otterscan/otterscan": 0.015660651189466603, "ethereum/js-ethereum-cryptography": 0.006170696166273421, "argotorg/hevm": 0.0009419085853733075, "plonky3/plonky3": 0, "vectorized/solady": 0.0001012383767559304, "trueblocks/trueblocks-core": 0.0006770450954482149, "succinctlabs/rsp": 0.00462927133421897, "flashbots/mev-boost": 0.0010425640537375432, "lambdaclass/lambdaworks": 0.0010505365215032526, "erigontech/erigon": 0.008355434552551907, "safe-global/safe-smart-account": 0.002888026489082289, "ethereum/py_ecc": 0.0001012383767559304, "intellij-solidity/intellij-solidity": 0, "argotorg/sourcify": 0.005298975792199526, "status-im/nimbus-eth2": 0.01246707555582799, "supranational/blst": 0.00016278814038126334, "skalenetwork/libbls": 0, "ethpandaops/ethereum-helm-charts": 0, "lfdt-web3j/web3j": 0, "risc0/risc0-ethereum": 0.00099753263259799, "sigp/lighthouse": 0.0037748107706050524, "certora/certoraprover": 0.004680791483879799, "ethdebug/format": 0.06645391720849732, "nomicfoundation/hardhat": 0.004920090121431862, "herumi/mcl": 0, "succinctlabs/sp1": 0.007878926619521035, "alloy-rs/alloy": 0.00047983225318577803, "argotorg/solidity": 0.028970466141634104, "lambdaclass/lambda_ethereum_consensus": 0.00267455522721005, "protofire/solhint": 0.0032920138110348637, "nethermindeth/juno": 0.008066915165021313, "powdr-labs/powdr": 0.0008297360945020815, "grandinetech/grandine": 0.003184978314311088, "offchainlabs/prysm": 0.004631248590103961, "ethereum-lists/chains": 0.00011352744188971483, "0xmiden/miden-vm": 0.0037727838459617647, "openzeppelin/openzeppelin-contracts": 0.0023055850169688683, "consensys/teku": 0.0029152898696185527, "chainsafe/lodestar": 0.006291070453617149, "flashbots/mev-boost-relay": 0.0017137496793564412, "ethers-io/ethers.js": 0.0009683776576527383, "axiom-crypto/snark-verifier": 0.0021757543216428263, "erigontech/silkworm": 0.0018938714961376174, "paulmillr/noble-curves": 0.0001012383767559304, "blockscout/blockscout": 0.016368792214695612, "wighawag/hardhat-deploy": 0.004334279654694291, "ethpandaops/checkpointz": 0.0018611447415847896, "ipsilon/evmone": 0.00015858734738025766, "swiss-knife-xyz/swiss-knife": 0.024717262776389606, "deepfunding/dependency-graph": 0.001577496462243822, "defillama/defillama-adapters": 0.004306508706746953, "a16z/helios": 0.0021687626502502762, "argotorg/fe": 0.002157606253038183, "nethereum/nethereum": 0.002513203737436772, "remix-project-org/remix-project": 0.01765238502279722, "offchainlabs/stylus-sdk-rs": 0.005762130376925763, "dl-solarity/solidity-lib": 0.007963797409961006, "vyperlang/titanoboa": 0.001726524202776065, "holiman/goevmlab": 0.0009600246480269182, "defillama/chainlist": 0.0006698072052084528, "arkworks-rs/algebra": 0.00012143154514621708, "lambdaclass/ethrex": 0.028759341151933574, "a16z/halmos": 0.0005337451968810652, "foundry-rs/foundry": 0.0030455518608179157, "edb-rs/edb": 0.0014456780460065295, "shazow/whatsabi": 0.001972784685612755}, "indeg98": {"ethereum/execution-apis": 1, "cyfrin/aderyn": 0, "hyperledger/besu": 0, "ethereum/eips": 1, "scaffold-eth/scaffold-eth-2": 0, "wealdtech/ethdo": 0, "chainsafe/bls": 0, "evmts/tevm-monorepo": 0, "libp2p/libp2p": 0, "wevm/viem": 7, "l2beat/l2beat": 0, "vyperlang/vyper": 1, "commit-boost/commit-boost-client": 0, "ethereum/web3.py": 2, "smartcontracts/simple-optimism-node": 0, "ethpandaops/ethereum-package": 0, "eth-infinitism/account-abstraction": 1, "ethereum/consensus-specs": 0, "consensys/gnark-crypto": 11, "succinctlabs/op-succinct": 0, "apeworx/ape": 0, "paradigmxyz/reth": 0, "ethstaker/eth-docker": 0, "ethstaker/ethstaker-deposit-cli": 0, "flashbots/rbuilder": 0, "espressosystems/jellyfish": 0, "taikoxyz/taiko-mono": 0, "nethermindeth/nethermind": 0, "aestus-relay/mev-boost-relay": 0, "dappnode/dappnode": 0, "argotorg/act": 0, "ethereum/go-ethereum": 10, "otterscan/otterscan": 0, "ethereum/js-ethereum-cryptography": 6, "argotorg/hevm": 0, "plonky3/plonky3": 0, "vectorized/solady": 1, "trueblocks/trueblocks-core": 0, "succinctlabs/rsp": 0, "flashbots/mev-boost": 0, "lambdaclass/lambdaworks": 0, "erigontech/erigon": 0, "safe-global/safe-smart-account": 0, "ethereum/py_ecc": 2, "intellij-solidity/intellij-solidity": 0, "argotorg/sourcify": 1, "status-im/nimbus-eth2": 0, "supranational/blst": 26, "skalenetwork/libbls": 0, "ethpandaops/ethereum-helm-charts": 0, "lfdt-web3j/web3j": 0, "risc0/risc0-ethereum": 0, "sigp/lighthouse": 0, "certora/certoraprover": 0, "ethdebug/format": 1, "nomicfoundation/hardhat": 9, "herumi/mcl": 0, "succinctlabs/sp1": 1, "alloy-rs/alloy": 14, "argotorg/solidity": 0, "lambdaclass/lambda_ethereum_consensus": 0, "protofire/solhint": 5, "nethermindeth/juno": 0, "powdr-labs/powdr": 0, "grandinetech/grandine": 0, "offchainlabs/prysm": 0, "ethereum-lists/chains": 0, "0xmiden/miden-vm": 0, "openzeppelin/openzeppelin-contracts": 7, "consensys/teku": 0, "chainsafe/lodestar": 0, "flashbots/mev-boost-relay": 0, "ethers-io/ethers.js": 16, "axiom-crypto/snark-verifier": 1, "erigontech/silkworm": 0, "paulmillr/noble-curves": 5, "blockscout/blockscout": 0, "wighawag/hardhat-deploy": 3, "ethpandaops/checkpointz": 0, "ipsilon/evmone": 0, "swiss-knife-xyz/swiss-knife": 0, "deepfunding/dependency-graph": 0, "defillama/defillama-adapters": 0, "a16z/helios": 0, "argotorg/fe": 0, "nethereum/nethereum": 0, "remix-project-org/remix-project": 0, "offchainlabs/stylus-sdk-rs": 0, "dl-solarity/solidity-lib": 0, "vyperlang/titanoboa": 0, "holiman/goevmlab": 1, "defillama/chainlist": 0, "arkworks-rs/algebra": 23, "lambdaclass/ethrex": 0, "a16z/halmos": 1, "foundry-rs/foundry": 1, "edb-rs/edb": 0, "shazow/whatsabi": 3}, "indeg_all": {"ethereum/execution-apis": 1, "cyfrin/aderyn": 0, "hyperledger/besu": 0, "ethereum/eips": 1, "scaffold-eth/scaffold-eth-2": 0, "wealdtech/ethdo": 0, "chainsafe/bls": 0, "evmts/tevm-monorepo": 0, "libp2p/libp2p": 0, "wevm/viem": 8, "l2beat/l2beat": 0, "vyperlang/vyper": 1, "commit-boost/commit-boost-client": 0, "ethereum/web3.py": 2, "smartcontracts/simple-optimism-node": 0, "ethpandaops/ethereum-package": 0, "eth-infinitism/account-abstraction": 1, "ethereum/consensus-specs": 0, "consensys/gnark-crypto": 12, "succinctlabs/op-succinct": 0, "apeworx/ape": 0, "paradigmxyz/reth": 0, "ethstaker/eth-docker": 0, "ethstaker/ethstaker-deposit-cli": 0, "flashbots/rbuilder": 0, "espressosystems/jellyfish": 0, "taikoxyz/taiko-mono": 0, "nethermindeth/nethermind": 0, "aestus-relay/mev-boost-relay": 0, "dappnode/dappnode": 0, "argotorg/act": 0, "ethereum/go-ethereum": 11, "otterscan/otterscan": 0, "ethereum/js-ethereum-cryptography": 7,